Aerospace,Autos,Basic Materials,Business Services,Conglomerates,Computer Tech,Consumer Discretionary,Consumer Staples,Construction,Finance,Industrial Products,Medical,Oils Energy,Retail Wholesale,Transportation,Utilities,,,Urgent,Watchlist,Badlist
AIR,ADNT,AA,ACN,CR,A,AAP,ABC,AAN,AAT,A,ABBV,AM,AAN,AAL,ADT,,,,,
AJRD,ALSN,ACH,ACTG,CSL,AAOI,ABG,ABEV,AAON,AB,AAOI,ABC,AMPY,AAP,AAWW,ADTN,,,,,
AVAV,ALV,ADM,ADP,DHR,AAPL,ACN,ADM,AAXN,ABCB,AAXN,ABEO,AMRC,ABG,ACCO,AEE,,,,,
BA,AUTO,AEM,ADS,FSS,ACIA,ADS,ADUS,AB,ABM,ABB,ABMD,APA,AEO,ADNT,AEP,,,,,
CAE,AXL,AG,ADSW,GE,ACIW,AEE,AEO,ABM,ABR,ABMD,ABT,AR,AMZN,AHC,AES,,,,,
CW,BWA,AGFS,APTV,GFF,ACLS,AEP,AGFS,ACA,ABTX,ACA,ABUS,ARLP,AN,AIR,AFYA,,,,,
DCO,CAAS,AGI,AQUA,HCHC,ACMR,AES,AGRO,ACM,ACC,ACCO,ACAD,AROC,ANF,AJRD,AGR,,,,,
ERJ,CARG,AKG,BAH,HON,ACTG,AFYA,AHC,ADSW,ACGL,ACIA,ACB,BCEI,ARCO,AL,AIRG,,,,,
FLIR,CMI,AKS,BBSI,IEP,ADBE,AGR,AMED,AEGN,ACRE,ACLS,ACGL,BE,ASNA,ALGT,AKTS,,,,,
GD,CNHI,ALB,BBU,ITT,ADI,AGS,ANF,AER,ADC,ACM,ACHC,BKEP,AZO,ALK,ALE,,,,,
HEI,CPS,AMPY,BCO,LDL,ADP,AIN,APRN,AFI,AEG,ACMR,ACIU,BKR,BABA,ALSN,ALLE,,,,,
HII,CTB,AMRS,BCOR,LXU,ADSK,AKAM,ARA,AGX,AEL,ADI,ACOR,BP,BBBY,ALV,ALSK,,,,,
HXL,CVGI,ANDE,BKI,MIC,ADTN,ALE,ARMK,AIMC,AER,ADT,ACRS,BPMP,BBW,AMC,AMCX,,,,,
KTOS,CYD,AP,BR,MMM,AEIS,AM,ASNA,AIT,AFG,AEIS,ACRX,BPT,BBY,ANDE,AMN,,,,,
LDOS,DAN,APA,CAR,RAVN,AGYS,AMC,AVY,AKS,AFL,AGCO,ADAP,BRY,BECN,ANTE,AMX,,,,,
LHX,DORM,APD,CATM,UTX,AIRG,AMCX,BCSF,AL,AGM,AIMC,ADMA,BSM,BGFV,APTV,ANGI,,,,,
LMT,F,AR,CBZ,,AKAM,AMWD,BGS,ALB,AGNC,AIN,ADMS,BTU,BIG,ARCB,ANTE,,,,,
NOC,FCAU,ARCH,CCO,,AKTS,AMZN,BKE,AMG,AGO,AIT,ADPT,CAPL,BJRI,ARCO,AOS,,,,,
PKE,FOXF,ARLP,CCRN,,ALLT,AN,BOOT,AMP,AHH,ALG,ADRO,CCLP,BKE,ARMK,APEI,,,,,
RADA,GM,ARNC,CDLX,,ALRM,AOBC,BREW,AMRC,AHT,ALGN,ADUS,CDEV,BKNG,ASC,ARC,,,,,
RTN,GNTX,ASH,CLCT,,ALTR,APEI,BRFS,AMRS,AI,ALLE,ADVM,CEIX,BLDR,ASR,ARLO,,,,,
SPR,GPC,ASIX,CLGX,,AMAT,APRN,BTI,AMWD,AIG,ALRM,AEG,CEO,BLMN,ATSG,ARTNA,,,,,
TDG,GT,ATI,CLH,,AMBA,AROC,BUD,AOBC,AINV,ALTR,AEL,CEQP,BMCH,AVAV,ASGN,,,,,
TDY,GTX,AU,CNDT,,AMD,ARTNA,BYND,APAM,AIV,AMAT,AERI,CKH,BOOT,AVD,ASPS,,,,,
TGI,HMC,AUY,CNET,,AME,AT,CAG,APD,AIZ,AMBA,AFG,CLB,BURL,AVH,AT,,,,,
TXT,HOG,AVD,CORE,,AMKR,ATGE,CAH,APO,AJG,AMCR,AFL,CLMT,CAKE,AXL,ATEX,,,,,
,HZN,AXTA,CPRT,,AMOT,ATO,CAL,APOG,AKR,AMD,AFMD,CLR,CARS,AYR,ATGE,,,,,
,IAA,AXU,CRAI,,AMSC,ATVI,CATO,AQUA,ALEX,AME,AGEN,CNQ,CASY,AZUL,ATNI,,,,,
,LCII,BBL,CRVL,,AMSWA,AVA,CATS,ARD,ALL,AMKR,AGIO,CNX,CATO,BA,ATO,,,,,
,LEA,BCEI,DBD,,AMX,AWK,CCEP,ARES,ALLY,AMOT,AGLE,CNXM,CBD,BCO,ATUS,,,,,
,LKQ,BCPC,DLPH,,ANET,AWR,CDNA,ARNC,AMBC,AMSC,AGN,COG,CBRL,BEST,AUDC,,,,,
,MGA,BG,DLX,,ANGI,AY,CDZI,ASH,AMG,ANGO,AGO,COP,CHS,BIP,AVA,,,,,
,MLR,BGS,DOCU,,ANSS,AZO,CELH,ASIX,AMH,ANIK,AGRX,CPE,CHUY,BJRI,AVYA,,,,,
,MOD,BHP,ECOL,,AOSL,BABA,CHD,ATI,AMNB,AOS,AGTC,CPG,CMG,BKNG,AWK,,,,,
,MPAA,BKEP,EFX,,APH,BBBY,CHE,ATR,AMP,AOSL,AIG,CQP,CNXN,BLMN,AWR,,,,,
,MTOR,BKR,ENV,,APPF,BBW,CHEF,AWI,AMSF,AP,AIMT,CRC,CONN,BRFS,AY,,,,,
,NAV,BP,ESTC,,APPN,BBY,CHS,AXTA,AMT,APH,AIZ,CRK,COST,BTI,AYI,,,,,
,NIO,BPMP,EVOP,,APPS,BC,CHWY,AYI,AMTD,APOG,AJG,CSIQ,CPRI,BWA,AZZ,,,,,
,OSK,BPT,EVRI,,ARLO,BFAM,CL,AYR,ANAT,APT,AKBA,CTRA,CRMT,CAAS,BATRA,,,,,
,PCAR,BRY,EVTC,,ARW,BGFV,CLBS,B,ANH,APY,AKCA,CVA,CTRC,CAI,BATRK,,,,,
,PII,BSM,EXLS,,ASGN,BIG,CLW,BBDC,AON,APYX,AKRO,CVE,CTRN,CAKE,BBSI,,,,,
,PLOW,BTE,EXPO,,ASML,BJ,CLX,BBU,APAM,ARAY,AKRX,CVI,CVNA,CAR,BCE,,,,,
,RACE,BTG,FC,,ASUR,BKH,CO,BCC,APLE,ARC,ALBO,CVX,CVS,CBRL,BIP,,,,,
,SMP,BTU,FCN,,ASYS,BNED,COLM,BCPC,APO,ARD,ALC,CWEN,DBI,CCL,BKD,,,,,
,SOLO,BVN,FDS,,ATEN,BR,COT,BDC,APTS,ARW,ALDX,CXO,DDS,CF,BKH,,,,,
,SORL,BYND,FIS,,ATEX,BSET,COTY,BECN,ARCC,ASML,ALEC,DCP,DENN,CHDN,CALX,,,,,
,SPAR,CAG,FISV,,ATHM,BSQR,CPB,BEN,ARE,ASTE,ALGN,DK,DG,CHRW,CAMP,,,,,
,SPXC,CALM,FLNT,,ATUS,BTN,CPRI,BERY,ARES,ASYS,ALKS,DKL,DIN,CHUY,CASA,,,,,
,SUP,CAPL,FLT,,ATVI,BURL,CRESY,BLD,ARI,ATEC,ALL,DMLP,DKS,CKH,CBB,,,,,
,TEN,CBT,G,,AUDC,BV,CRI,BLDR,AROW,ATKR,ALLK,DNOW,DLTR,CLAR,CCO,,,,,
,THRM,CC,GCI,,AUTO,BYD,CROX,BLL,ARR,ATOS,ALLO,DO,DNKN,CLUB,CCOI,,,,,
,TM,CCJ,GDOT,,AVGO,BZUN,CSV,BMCH,ASA,ATR,ALNY,DRQ,DPZ,CMG,CCRN,,,,,
,TSLA,CCLP,GDS,,AVID,CASA,CTAS,BOOM,ASB,ATRC,ALT,DVN,DRI,CMPR,CEL,,,,,
,TTM,CDE,GFN,,AVLR,CASS,CTRC,BSET,ASFI,ATRS,ALXN,DWSN,EAT,CMRE,CETV,,,,,
,VC,CDEV,GPN,,AVT,CASY,CTRN,BW,ASPS,AVGO,AMAG,E,EBAY,CNI,CHGG,,,,,
,VNE,CE,GSKY,,AVX,CATM,CTVA,BX,ASRV,AVNS,AMBC,EC,ETH,CNK,CHL,,,,,
,WBC,CEIX,GSX,,AVYA,CBD,CVGW,BXC,ATAX,AVT,AMED,EGY,EXPE,CNNE,CHT,,,,,
,WKHS,CENX,HCKT,,AWRE,CBZ,DAR,BZH,ATH,AVTR,AMGN,ENB,EXPR,CP,CHTR,,,,,
,WNC,CEO,HCSG,,AXE,CCL,DBI,CAI,ATLC,AVX,AMN,ENBL,FAST,CPA,CHU,,,,,
,WPRT,CF,HIL,,AXTI,CDK,DECK,CBT,AUB,AVY,AMPH,ENIA,FIVE,CPLP,CIEN,,,,,
,XPEL,CIR,HMHC,,AYX,CDW,DEO,CC,AVB,AXDX,AMRN,ENLC,FL,CPS,CIG,,,,,
,,CLB,HMI,,AZPN,CDZI,DGX,CCK,AX,AXE,AMRX,ENPH,FLWS,CSX,CLFD,,,,,
,,CLF,HNI,,BAND,CENT,DLTH,CCS,AXP,AXGN,AMSF,EOG,FOSL,CUK,CLNE,,,,,
,,CLMT,HSII,,BB,CENTA,DTEA,CDXS,AXS,AXNX,ANAB,EPD,FRGI,CVGI,CMCSA,,,,,
,,CLR,HURN,,BCOV,CEQP,DVA,CE,BAC,AXTI,ANAT,EPM,FTCH,CVTI,CMS,,,,,
,,CLW,ICFI,,BELFB,CETV,EL,CECE,BAH,AZZ,ANGO,EQM,FVRR,CYRX,CMTL,,,,,
,,CMC,ICLK,,BHE,CHDN,ELF,CG,BAM,B,ANIK,EQNR,GCO,DAC,CNP,,,,,
,,CMP,INFO,,BIDU,CHEF,ENR,CHD,BANC,BAX,ANIP,EQT,GME,DAL,CNSL,,,,,
,,CNQ,INWK,,BILI,CHH,ENZ,CIR,BANR,BC,ANTM,ERF,GMS,DAN,COMM,,,,,
,,CNX,IPG,,BITA,CHTR,EPC,CL,BAP,BDC,AON,ET,GNC,DCO,CPK,,,,,
,,COG,IQV,,BKI,CHWY,EXPR,CLH,BATRA,BDX,APHA,ETRN,GOOS,DENN,CRAI,,,,,
,,COP,IT,,BL,CIG,FDP,CLX,BATRK,BE,APLS,EVA,GPI,DESP,CRNT,,,,,
,,CPB,KELYA,,BLDP,CLAR,FIZZ,CMC,BBAR,BELFB,APTO,EVRG,GPS,DHT,CRTO,,,,,
,,CPE,KFRC,,BLKB,CLCT,FL,CNR,BBD,BERY,APYX,EXTN,GRPN,DIN,CSU,,,,,
,,CPG,KFY,,BLNK,CLNE,FLO,CNS,BBDC,BGG,AQST,FANG,GTIM,DLNG,CSV,,,,,
,,CRC,KNL,,BMI,CLUB,FMS,CODI,BBVA,BIO,ARA,FCEL,HABT,DLPH,CTL,,,,,
,,CRK,LOOP,,BNFT,CMCSA,FMX,COTY,BCBP,BLDP,ARAV,FF,HBP,DLX,CWCO,,,,,
,,CRS,LQDT,,BOX,CMPR,FPAC,CR,BCOR,BLFS,ARAY,FI,HD,DNKN,CWT,,,,,
,,CSTM,MA,,BRKR,CMS,FRPT,CRH,BCS,BLL,ARCT,FSLR,HIBB,DORM,D,,,,,
,,CTRA,MAN,,BRKS,CNDT,GCO,CROX,BCSF,BLNK,ARDX,FTI,HLF,DRI,DFIN,,,,,
,,CVE,MDCA,,BSQR,CNK,GES,CRS,BDGE,BMI,ARGX,FTK,HOME,DSKE,DGLY,,,,,
,,CVI,MLHR,,BW,CNP,GH,CSL,BDN,BOOM,ARNA,FTSI,HVT,DSX,DIS,,,,,
,,CVIA,MMS,,BWXT,CNTY,GIII,CSTE,BEN,BRC,ARVN,GEL,HZO,EAT,DISCA,,,,,
,,CVX,MORN,,BZUN,CNXM,GIL,CSTM,BGCP,BRKR,ARWR,GIFI,IAC,EBF,DISCK,,,,,
,,CXDC,NCMI,,CACI,CNXN,GIS,CTB,BHF,BRKS,ASMB,GLP,IMKTA,ECHO,DISH,,,,,
,,CXO,NLSN,,CAJ,CONN,GLT,CTT,BHLB,BSGM,ASND,GMLP,JACK,EGLE,DTE,,,,,
,,CZZ,NSP,,CALX,CORE,GO,CVCO,BHR,BSX,ASRT,GPOR,JAX,ELY,DUK,,,,,
,,DAR,NVEE,,CAMP,COST,GOOS,CW,BK,BTN,ATEC,GPRK,JD,ERA,ED,,,,,
,,DD,OMC,,CAMT,CPK,GPK,CWST,BKCC,BWXT,ATH,HAL,JMEI,ERJ,EDU,,,,,
,,DK,PAGS,,CARG,CPRT,GPS,CX,BKU,CAE,ATHX,HCC,JMIA,EROS,EE,,,,,
,,DKL,PAYS,,CARS,CQP,HAIN,CXDC,BLK,CAJ,ATNX,HEP,JWN,ESCA,EFX,,,,,
,,DMLP,PAYX,,CASS,CRMT,HBI,DCI,BLX,CAMT,ATOS,HES,KAR,EURN,EIX,,,,,
,,DNOW,PFMT,,CCC,CRWS,HELE,DD,BMA,CAT,ATRA,HESM,KIRK,EVRI,ELP,,,,,
,,DO,PFSW,,CCMP,CSGP,HI,DECK,BMO,CCK,ATRC,HFC,KMX,EXPD,ENIC,,,,,
,,DOW,PRGX,,CCOI,CUK,HLF,DHI,BMTC,CCMP,ATRS,HLX,KR,EXPE,ENSG,,,,,
,,DQ,PS,,CDAY,CULP,HRL,DOOR,BNS,CECE,AUPH,HNRG,KSS,F,ERIC,,,,,
,,DRD,PSN,,CDK,CVA,HSIC,DOW,BOCH,CERS,AVDL,HP,LAD,FCAU,ES,,,,,
,,DRQ,QIWI,,CDLX,CVEO,HSY,DXPE,BOH,CEVA,AVEO,IMO,LB,FDX,ESE,,,,,
,,DVN,RAMP,,CDNS,CVNA,ICON,DY,BOKF,CFX,AVNS,INT,LEVI,FLIR,ETM,,,,,
,,DWSN,RBA,,CDW,CWCO,IFF,ECL,BPFH,CGNX,AVRO,IO,LL,FLY,ETR,,,,,
,,E,RCMT,,CEL,CWEN,INGR,ECOL,BPOP,CMCO,AVTR,JKS,LOCO,FNKO,EVC,,,,,
,,EAF,RECN,,CERN,CWH,IP,EL,BPR,CMD,AVXL,KLXE,LOVE,FOXF,EXC,,,,,
,,EC,RHI,,CEVA,CWT,IPAR,ELF,BPY,CMI,AXDX,KMI,LOW,FRGI,FE,,,,,
,,ECL,RILY,,CGNX,CZR,JBSS,EME,BRG,CNHI,AXGN,KOS,M,FRO,FENG,,,,,
,,EGO,RIOT,,CHGG,D,JILL,EMN,BRKL,CNMD,AXGT,KRP,MCD,FSS,FLNT,,,,,
,,EGY,RRD,,CHKP,DCP,JJSF,ENG,BRO,COHR,AXNX,LBRT,MELI,FSTR,FN,,,,,
,,EMN,RSG,,CHL,DDS,JOBS,ENTG,BRX,COHU,AXS,LIN,MIK,FUN,FOX,,,,,
,,ENB,SAIL,,CHNG,DG,JWN,EPAC,BSAC,COO,AXSM,LNG,MOV,FWRD,FOXA,,,,,
,,EOG,SCOR,,CHU,DHX,K,EPC,BSBR,CREE,AZN,LONE,NDLS,GAIA,FTS,,,,,
,,EPM,SCS,,CIEN,DIS,KDP,ESI,BSMX,CRUS,BAX,LPI,NGVC,GASS,FWONA,,,,,
,,EQNR,SFUN,,CLDR,DISCA,KHC,ETH,BSRR,CRY,BBIO,MCF,NLS,GATX,FWONK,,,,,
,,EQT,SPGI,,CLFD,DISCK,KMB,ETN,BUSE,CSII,BCLI,MGY,NSIT,GBX,GEN,,,,,
,,ERF,SPOT,,CLGX,DISH,KO,EV,BX,CSIQ,BCRX,MIND,ODP,GCI,GILT,,,,,
,,ESI,SPSC,,CLS,DKS,KOF,EVA,BXMT,CTAS,BDSI,MMP,ORLY,GD,GLIBA,,,,,
,,EXK,SRAX,,CMCM,DLB,KTB,EVR,BXP,CTSO,BDX,MPC,OSTK,GDEN,GNE,,,,,
,,FANG,SRCL,,CMTL,DLTR,LANC,EXP,BXS,CUB,BEAT,MPLX,PAG,GLNG,GNSS,,,,,
,,FCX,SRT,,CNET,DOOR,LB,EXTN,BYD,CUI,BGNE,MR,PBPB,GLOG,GOGO,,,,,
,,FI,SWCH,,COHR,DOYU,LE,FAST,C,CUTR,BHC,MRO,PDD,GLOP,GPX,,,,,
,,FLO,SYKE,,COHU,DPZ,LEE,FBHS,CAC,CWST,BHF,MTDR,PETS,GM,GRPN,,,,,
,,FMC,TBI,,COMM,DS,LEVI,FBM,CACC,CY,BHVN,MTRX,PFGC,GMLP,GSX,,,,,
,,FNV,TNET,,COUP,DTE,LH,FDUS,CADE,CYD,BIIB,MUR,PLAY,GNK,GTN,,,,,
,,FOE,TRI,,CPSI,DTEA,LHCG,FF,CASH,DCI,BIO,MUSA,PLCE,GNTX,GTT,,,,,
,,FRPT,TRU,,CREE,DUK,LK,FHI,CATY,DE,BKD,MVO,PSMT,GOGL,HCSG,,,,,
,,FSM,TTEC,,CRM,DXYN,LMNR,FIX,CB,DGLY,BLCM,NBL,PZZA,GOL,HE,,,,,
,,FSTR,TUFN,,CRNT,EA,LNDC,FLR,CBOE,DHR,BLFS,NBLX,QRTEA,GOLF,HEAR,,,,,
,,FTI,V,,CRTO,EBAY,LULU,FLY,CBRE,DIOD,BLUE,NBR,QSR,GPC,HELE,,,,,
,,FTSI,VEC,,CRUS,ED,LW,FMC,CBSH,DMRC,BMRN,NEP,RAD,GRMN,HLIT,,,,,
,,FUL,VERI,,CRWD,EDU,MATW,FND,CBU,DOV,BMY,NEX,RAVE,GTIM,HMTV,,,,,
,,GEL,VOLT,,CSCO,EE,MCK,FOCS,CCI,DQ,BPMC,NGL,RGS,GTX,HNP,,,,,
,,GFI,VRSK,,CSGP,EEX,MDLZ,FOE,CCNE,DSPG,BRO,NGS,RH,HA,HRB,,,,,
,,GGB,VVI,,CSGS,EIX,MDP,FORR,CDR,DXCM,BSGM,NINE,ROST,HABT,I,,,,,
,,GIS,WCN,,CSLT,ELP,MED,FRTA,CFFN,DXPE,BSX,NOG,RRGB,HAS,IDA,,,,,
,,GLP,WEX,,CSOD,ELY,MERC,FTAI,CFG,EAF,BTAI,NOV,RUSHA,HEI,IDT,,,,,
,,GLT,WM,,CTG,ENBL,MGPI,FTDR,CFR,EBF,CAH,NR,RUTH,HII,INFN,,,,,
,,GOLD,WNS,,CTS,ENIA,MKC,FTK,CG,EDAP,CALA,NRP,RVLV,HMC,INSG,,,,,
,,GORO,WORK,,CTSH,ENIC,MNST,FUL,CGBD,ELGX,CARA,NRT,SAH,HMHC,IPG,,,,,
,,GPOR,WPP,,CTXS,ENLC,MO,GCP,CHCO,EMKR,CATB,NS,SBH,HOG,IRBT,,,,,
,,GPRE,WU,,CUB,ENV,NBEV,GFF,CHH,EMR,CATS,OAS,SBUX,HON,IRDM,,,,,
,,GRA,XPER,,CUTR,EPD,NEO,GFN,CI,ENG,CB,OII,SCVL,HRI,ITI,,,,,
,,GSM,YCBD,,CVET,EQM,NKE,GGB,CIA,ENPH,CBAY,OIS,SECO,HRL,JCI,,,,,
,,GSS,YEXT,,CVLT,ERI,NOMD,GIFI,CIB,ENR,CBIO,OMP,SFIX,HTLD,JCOM,,,,,
,,GURE,ZVO,,CY,EROS,NP,GLDD,CIM,ENS,CBMG,ORA,SFM,HTZ,KELYA,,,,,
,,HAIN,,,CYBR,ES,NTRA,GLW,CINF,EPAC,CBPO,OVV,SHAK,HUBG,KEP,,,,,
,,HAL,,,CYOU,ESCA,NUS,GMS,CIO,ERII,CCXI,OXY,SIG,HYRE,KFRC,,,,,
,,HAYN,,,DAKT,ET,NVTA,GPRE,CIT,ESE,CDMO,PAA,SPTN,HZN,KN,,,,,
,,HBM,,,DBD,ETM,NWL,GRA,CIVB,ETN,CDNA,PAGP,SPWH,IEP,KT,,,,,
,,HCC,,,DBX,ETR,NYT,GRBK,CLBK,EW,CDTX,PARR,STMP,IGT,KVHI,,,,,
,,HEP,,,DDD,ETRN,OLLI,GROW,CLDT,EYE,CDXC,PBA,SYX,INSW,LAUR,,,,,
,,HES,,,DELL,ETSY,OMI,GT,CLI,EYPT,CDXS,PBF,TA,IQ,LBRDA,,,,,
,,HESM,,,DFIN,EVC,OPCH,GTLS,CLNY,FARO,CEMI,PBFX,TACO,JACK,LBRDK,,,,,
,,HFC,,,DGII,EVOP,OXM,GURE,CM,FBHS,CERC,PBR,TAST,JAX,LBTYA,,,,,
,,HL,,,DHX,EVRG,PDCO,GV,CMA,FCEL,CERN,PBT,TECD,JBHT,LBTYK,,,,,
,,HLX,,,DIOD,EXC,PEP,GVA,CME,FELE,CERS,PDCE,TGT,JBLU,LILA,,,,,
,,HMY,,,DLB,EXLS,PETQ,HAYN,CMO,FLDM,CGC,PDS,TIF,KEX,LILAK,,,,,
,,HNRG,,,DMRC,EZPW,PG,HBP,CNA,FLOW,CGEN,PE,TITN,KNDI,LINC,,,,,
,,HP,,,DOCU,FCFS,PKG,HCCI,CNNE,FLR,CHE,PHX,TJX,KNOP,LITE,,,,,
,,HSY,,,DOMO,FE,PLCE,HCHC,CNO,FLS,CHMA,PSX,TLYS,KNX,LNT,,,,,
,,HUN,,,DOX,FENG,PM,HD,CNOB,FORM,CHNG,PSXP,TPR,KSU,LOPE,,,,,
,,HWKN,,,DOYU,FICO,POST,HEES,CNS,FSLR,CHRS,PTEN,TPX,KTOS,LORL,,,,,
,,IAG,,,DSPG,FIS,PPC,HIL,CNTY,FTV,CI,PTR,TRIP,LCII,LRN,,,,,
,,IMO,,,DT,FIVE,PRMW,HLI,CODI,GDI,CIA,PUMP,TSCO,LDL,LSXMA,,,,,
,,INGR,,,DXC,FLT,PSNL,HLIO,COF,GE,CINF,PVAC,TXRH,LEA,LSXMK,,,,,
,,INT,,,EA,FLWS,PVH,HLNE,COLB,GEF,CLBS,PVL,TZOO,LEE,LYTS,,,,,
,,INVA,,,EB,FNKO,PYX,HNI,COLD,GEOS,CLDX,PXD,ULTA,LHX,MAGS,,,,,
,,IO,,,EBIX,FOSL,RDNT,HOFT,CONE,GGG,CLLS,QEP,URBN,LK,MAN,,,,,
,,IOSP,,,ECOM,FOX,REV,HRI,COOP,GHM,CLSD,REGI,VRA,LKQ,MAXR,,,,,
,,IP,,,EGAN,FOXA,RFP,HSC,COR,GKOS,CLSN,REI,W,LMT,MBT,,,,,
,,IPI,,,EGHT,FTCH,RL,HUN,CORR,GMED,CLVS,RES,WBA,LOCO,MCO,,,,,
,,JBSS,,,EGOV,FTS,ROST,HWKN,COWN,GNMK,CMD,RIG,WEN,LPG,MDCA,,,,,
,,JJSF,,,EIGI,FUN,SAFM,HXL,CPF,GNRC,CMRX,RRC,WING,LSTR,MDU,,,,,
,,K,,,EMKR,FVRR,SAM,IBP,CPLG,GPK,CNA,RUN,WMK,LTM,MEET,,,,,
,,KALU,,,ENTG,FWONA,SANW,IFF,CPSS,GPRO,CNC,SD,WMT,LUV,MGEE,,,,,
,,KGC,,,EPAM,FWONK,SCHL,IIIN,CPT,GRC,CNCE,SDRL,WSM,LYV,MSEX,,,,,
,,KHC,,,EPAY,GAIA,SCI,IOSP,CPTA,GSIT,CNMD,SEDG,YUM,MAIN,MSGN,,,,,
,,KL,,,ERIC,GDEN,SCVL,IPAR,CRESY,GTES,CNO,SHLX,YUMC,MANU,MSI,,,,,
,,KLXE,,,ESTC,GLUU,SGC,IVZ,CRON,GTLS,CNST,SJT,ZUMZ,MAT,MYRG,,,,,
,,KOP,,,ETSY,GME,SHOO,J,CS,GWW,CO,SLB,,MATX,NCMI,,,,,
,,KOS,,,EVBG,GNC,SJM,JELD,CSFL,HAE,COLL,SM,,MBUU,NEE,,,,,
,,KRA,,,EVER,GNE,SKX,JHG,CSWC,HBIO,COO,SMLP,,MCD,NEW,,,,,
,,KRO,,,EVH,GNSS,SMPL,KALU,CTBI,HCCI,CORT,SND,,MCFT,NFG,,,,,
,,KRP,,,EVTC,GO,SON,KAMN,CTRE,HDS,CPRX,SNP,,MCS,NGG,,,,,
,,KWR,,,EXTR,GOLF,STKL,KBAL,CTT,HEES,CPSI,SOI,,MDP,NHC,,,,,
,,LANC,,,FARO,GPI,STZ,KBH,CUBE,HIMX,CRBP,SOL,,MESA,NI,,,,,
,,LBRT,,,FB,GPN,SWM,KBR,CUBI,HLIO,CRIS,SPH,,MGA,NJR,,,,,
,,LNDC,,,FDS,GPRO,SYY,KKR,CURO,HOLI,CRL,SPWR,,MLR,NOK,,,,,
,,LONE,,,FEYE,GPX,TAP,KNL,CUZ,HOLX,CRMD,SRLP,,MMLP,NRG,,,,,
,,LPI,,,FFIV,GRUB,THS,KOP,CVBF,HRC,CRON,SSL,,MMYT,NSP,,,,,
,,LTHM,,,FICO,GSKY,TJX,KRA,CVCY,HSC,CRSP,SU,,MNRO,NSSC,,,,,
,,LW,,,FISV,GTN,TLRD,KRO,CWK,HUBB,CRVL,SUN,,MO,NTGR,,,,,
,,LYB,,,FIT,GWW,TLYS,KWR,CXP,HWCC,CRVS,SWN,,MOD,NVEE,,,,,
,,MAG,,,FIVN,H,TPB,LAZ,CXW,HY,CRY,SXC,,MOS,NWE,,,,,
,,MCF,,,FLEX,HAS,TPR,LBY,CZNC,IART,CSII,TALO,,MPAA,NWN,,,,,
,,MDLZ,,,FN,HDS,TR,LCUT,CZR,ICAD,CSU,TCP,,MPX,NXST,,,,,
,,MDU,,,FNJN,HE,TSN,LEG,DB,ICHR,CTIC,TDW,,MRTN,OESX,,,,,
,,MED,,,FORM,HGV,TUP,LEN,DCOM,ICUI,CTLT,TELL,,MSG,OGE,,,,,
,,MEOH,,,FORR,HIBB,TVTY,LGIH,DEA,IDN,CTMX,TGE,,MTN,OGS,,,,,
,,MERC,,,FSCT,HLT,TWNK,LII,DEI,IEX,CTSO,TGS,,MTOR,OKE,,,,,
,,MGY,,,FSLY,HMSY,UA,LIN,DFS,IIIN,CVET,TOT,,NAT,OMC,,,,,
,,MIC,,,FTNT,HMTV,UAA,LIQT,DGICA,IIN,CVM,TRGP,,NAV,ORAN,,,,,
,,MKC,,,FTV,HNP,UFS,LL,DHC,IIVI,CVS,TRP,,NCLH,ORBC,,,,,
,,MLI,,,GDDY,HOFT,UL,LM,DLR,ILMN,CYCN,TTI,,NDLS,OTTR,,,,,
,,MLM,,,GDI,HOME,UN,LOMA,DOC,IMAX,CYH,TUSK,,NFLX,PAM,,,,,
,,MMLP,,,GDS,HQY,UNFI,LOOP,DRE,IMOS,CYTK,UGP,,NIO,PCG,,,,,
,,MMP,,,GEOS,HRB,URBN,LOW,DRH,INGN,DBVT,USAC,,NLS,PCTI,,,,,
,,MOS,,,GIB,HTHT,USFD,LPX,DS,INO,DCPH,VET,,NM,PCYO,,,,,
,,MPC,,,GILT,HUD,USPH,LTHM,DX,INSP,DGICA,VLO,,NMM,PEG,,,,,
,,MPLX,,,GLOB,HVT,UVV,LXFR,EBSB,INTC,DGX,VNOM,,NOC,PEGI,,,,,
,,MR,,,GLUU,HZO,VCYT,LXU,ECPG,IPGP,DNLI,VOC,,NSC,PFMT,,,,,
,,MRC,,,GLW,IAA,VFC,LYB,EEFT,IPHI,DRNA,VSLR,,NTR,PLT,,,,,
,,MRO,,,GNRC,IAC,VFF,LYTS,EFC,IR,DRRX,WES,,NVGS,PNM,,,,,
,,MSB,,,GOOG,IDA,VGR,LZB,EFSC,IRTC,DTIL,WHD,,NWS,PNW,,,,,
,,MT,,,GOOGL,IGT,VRA,MAS,EGBN,ISRG,DVA,WLL,,NWSA,POR,,,,,
,,MTDR,,,GRMN,IHRT,VRRM,MATW,EGOV,ITGR,DVAX,WMB,,NYT,PPL,,,,,
,,MTL,,,GRUB,IIIV,VRS,MC,EGP,ITRI,DXCM,WPX,,ODFL,PRAA,,,,,
,,MTRN,,,GSB,IMAX,VRTV,MDC,EHTH,ITRN,DYAI,WTI,,OMEX,PRDO,,,,,
,,MTX,,,GSIT,IMKTA,WDFC,MEOH,EIG,ITT,EBS,WTTR,,OSG,PWFL,,,,,
,,MUR,,,GSUM,INWK,WRK,MG,ELS,ITW,EDAP,XEC,,OSK,QCOM,,,,,
,,MUX,,,GTT,IQ,WWW,MGRC,ENVA,IVAC,EDIT,XOM,,OSW,QUOT,,,,,
,,MVO,,,GWRE,JD,YGYI,MHO,EPR,IVC,EGRX,YPF,,PBPB,RCI,,,,,
,,MWA,,,HBIO,JMEI,ZUMZ,MIDD,EPRT,J,EHC,,,PCAR,RCMT,,,,,
,,NBL,,,HCAT,JMIA,,MIND,EQC,JBT,EHTH,,,PII,REDU,,,,,
,,NBLX,,,HEAR,KAR,,MINI,EQH,JCI,EIDX,,,PKE,RGS,,,,,
,,NBR,,,HIMX,KBAL,,MLHR,EQIX,JKS,EIG,,,PLAY,RHI,,,,,
,,NEM,,,HLIT,KEP,,MLI,EQR,KAI,EIGR,,,PLNT,RNET,,,,,
,,NEU,,,HMI,KIRK,,MLM,ERI,KAMN,ELAN,,,PM,ROKU,,,,,
,,NEX,,,HOLI,KMI,,MN,ERIE,KBR,ELGX,,,PPC,RYB,,,,,
,,NG,,,HPE,KMX,,MORN,ESNT,KEM,ELOX,,,PRSC,S,,,,,
,,NGL,,,HPQ,KNDI,,MRC,ESRT,KEYS,ENDP,,,PSO,SATS,,,,,
,,NGS,,,HSTM,KR,,MRCC,ESS,KIDS,ENSG,,,PWFL,SBGI,,,,,
,,NGVT,,,HUBS,KSS,,MSM,ETFC,KLAC,ENTA,,,PYX,SBS,,,,,
,,NINE,,,HUYA,LAD,,MT,EV,KLIC,ENZ,,,PZZA,SCI,,,,,
,,NL,,,I,LAUR,,MTH,EVER,KMT,EOLS,,,QSR,SE,,,,,
,,NNBR,,,IBM,LBRDA,,MTL,EVH,KODK,EPZM,,,QUAD,SEAC,,,,,
,,NOA,,,ICAD,LBRDK,,MTRN,EVR,KRNT,EQH,,,R,SHEN,,,,,
,,NOG,,,ICHR,LBTYA,,MTRX,EWBC,LAKE,ERIE,,,RACE,SIRI,,,,,
,,NOMD,,,ICLK,LBTYK,,MTX,EXPO,LASR,ESNT,,,RAIL,SJI,,,,,
,,NOV,,,IDCC,LBY,,MTZ,EXR,LECO,ESPR,,,RCL,SJR,,,,,
,,NP,,,IDN,LC,,MWA,EZPW,LFUS,EVFM,,,RDI,SJW,,,,,
,,NR,,,IIIV,LCUT,,MYE,FAF,LIQT,EW,,,REVG,SKM,,,,,
,,NRP,,,IIN,LEG,,MYRG,FANH,LIVN,EXAS,,,RICK,SNE,,,,,
,,NRT,,,IMMR,LINC,,NDSN,FBC,LMAT,EXEL,,,RLGT,SO,,,,,
,,NS,,,IMOS,LLNW,,NEU,FBIZ,LMNX,EYE,,,RRD,SONO,,,,,
,,NTR,,,INFN,LNG,,NGVT,FBNC,LNN,EYPT,,,RRGB,SPGI,,,,,
,,NUE,,,INFO,LNT,,NKE,FBP,LPL,FAF,,,RS,SPKE,,,,,
,,NWPX,,,INFY,LOPE,,NL,FC,LRCX,FANH,,,RTN,SPOK,,,,,
,,OAS,,,INOD,LOVE,,NNBR,FCBC,LSCC,FATE,,,RUTH,SPOT,,,,,
,,OEC,,,INOV,LQDT,,NOA,FCF,LXFR,FENC,,,RYAAY,SR,,,,,
,,OII,,,INSG,LRN,,NOAH,FCFS,MAGS,FFG,,,RYI,SRAX,,,,,
,,OIS,,,INST,LVS,,NPO,FCN,MASI,FG,,,SAFM,SRE,,,,,
,,OLN,,,INTC,LYFT,,NUE,FCPT,MCHP,FGEN,,,SAIA,SRT,,,,,
,,OMN,,,INTU,LYV,,NWL,FDUS,MDT,FIXX,,,SALT,SSP,,,,,
,,OMP,,,INVE,LZB,,NWPX,FFBC,MEI,FLDM,,,SAVE,STON,,,,,
,,OR,,,INXN,M,,NX,FFG,MIDD,FLXN,,,SB,STRA,,,,,
,,OVV,,,IPGP,MA,,OC,FFIC,MINI,FMS,,,SBLK,SWIR,,,,,
,,OXY,,,IPHI,MANU,,OEC,FFIN,MKSI,FNF,,,SBUX,SWX,,,,,
,,PAA,,,IRBT,MAR,,OESX,FFNW,MLNX,FNHC,,,SCHL,T,,,,,
,,PAAS,,,IRDM,MAT,,OI,FG,MMM,FOLD,,,SEAS,TAL,,,,,
,,PAGP,,,ITI,MBUU,,OLN,FHB,MMSI,FOMX,,,SFL,TBI,,,,,
,,PARR,,,ITRI,MCFT,,OMN,FHI,MNTX,FPRX,,,SHAK,TDS,,,,,
,,PBA,,,IVAC,MCHX,,ORN,FHN,MPWR,FTSV,,,SIX,TEF,,,,,
,,PBF,,,JBL,MCRI,,PATK,FIBK,MRCY,GALT,,,SKYW,TEO,,,,,
,,PBFX,,,JCOM,MCS,,PAYX,FINV,MRVL,GBT,,,SMG,TERP,,,,,
,,PBR,,,JKHY,MELI,,PCH,FISI,MSA,GEN,,,SMHI,TGNA,,,,,
,,PBT,,,JNPR,MGEE,,PESI,FITB,MSM,GERN,,,SMP,TISI,,,,,
,,PDCE,,,JYNT,MGI,,PG,FLIC,MSON,GH,,,SNDR,TKC,,,,,
,,PDS,,,KE,MGM,,PGTI,FMBI,MTD,GILD,,,SOLO,TLRA,,,,,
,,PE,,,KEM,MHK,,PH,FMNB,MTSC,GKOS,,,SORL,TME,,,,,
,,PHX,,,KEYS,MIK,,PHM,FNB,MTSI,GL,,,SP,TMUS,,,,,
,,PKOH,,,KLAC,MLCO,,PJT,FNF,MTW,GLMD,,,SPAR,TNAV,,,,,
,,PKX,,,KLIC,MMS,,PKOH,FNHC,MU,GLPG,,,SPR,TRU,,,,,
,,POL,,,KN,MNRO,,PKX,FNLC,MX,GLRE,,,SRI,TSQ,,,,,
,,POST,,,KODK,MOV,,POL,FOCS,MXIM,GLYC,,,SSW,TSU,,,,,
,,PPG,,,KT,MPX,,PPG,FOR,MXL,GMAB,,,STKL,TTEC,,,,,
,,PQG,,,KTCC,MSCI,,PQG,FPI,MYE,GMED,,,STNG,TU,,,,,
,,PSX,,,KVHI,MSEX,,PRGX,FR,NDSN,GNCA,,,SUP,TV,,,,,
,,PSXP,,,LASR,MSG,,PRIM,FRBK,NLOK,GNMK,,,TACO,UEIC,,,,,
,,PTEN,,,LDOS,MSGN,,PRLB,FRC,NOVT,GNW,,,TAST,UGI,,,,,
,,PTR,,,LEAF,MTN,,PWR,FRME,NPO,GOSS,,,TDG,UI,,,,,
,,PUMP,,,LFUS,MUSA,,PZN,FRT,NPTN,GRFS,,,TDW,UNF,,,,,
,,PVAC,,,LITE,NCLH,,RAVN,FSB,NSSC,GSHD,,,TDY,USM,,,,,
,,PVG,,,LLNW,NEE,,RCII,FSK,NTUS,GSK,,,TEN,UTI,,,,,
,,PVL,,,LN,NEP,,REGI,FSP,NUVA,GTHX,,,TGH,UTL,,,,,
,,PXD,,,LOGI,NEW,,REV,FTAI,NVCR,GTS,,,TGI,UTSI,,,,,
,,QEP,,,LOGM,NEWT,,RGR,FTDR,NVDA,GWPH,,,TGP,VCRA,,,,,
,,REI,,,LORL,NFG,,ROAD,FULT,NVMI,HAE,,,THO,VEON,,,,,
,,RES,,,LPL,NFLX,,ROCK,G,NVRO,HALL,,,THRM,VG,,,,,
,,RFP,,,LPSN,NGG,,ROG,GABC,NVT,HALO,,,TK,VIAC,,,,,
,,RGLD,,,LRCX,NGVC,,ROL,GAIN,NXPI,HCA,,,TM,VIACA,,,,,
,,RIG,,,LSCC,NHTC,,ROLL,GARS,OFIX,HCAT,,,TNAV,VIV,,,,,
,,RIO,,,LSXMA,NI,,RPM,GBCI,OI,HCI,,,TNK,VOD,,,,,
,,RRC,,,LSXMK,NJR,,RSG,GBDC,OLED,HEXO,,,TNP,VOLT,,,,,
,,RS,,,LTRPA,NLSN,,RUN,GCAP,ON,HIG,,,TOUR,VSAT,,,,,
,,RYAM,,,LVGO,NRG,,RYAM,GDOT,ONTO,HIIQ,,,TPCO,VST,,,,,
,,RYI,,,LYFT,NSIT,,RYN,GEO,OSIS,HMN,,,TRI,VUZI,,,,,
,,SA,,,MANH,NTES,,SCL,GGAL,OSUR,HMSY,,,TRN,VZ,,,,,
,,SAND,,,MANT,NWE,,SCS,GHL,PACB,HNGR,,,TRTN,WATT,,,,,
,,SCCO,,,MARA,NWN,,SCU,GIB,PEN,HOLX,,,TSLA,WEC,,,,,
,,SCHN,,,MAXR,NWS,,SEE,GL,PESI,HQY,,,TSN,WHR,,,,,
,,SCL,,,MBT,NWSA,,SERV,GLAD,PH,HRC,,,TTM,WIFI,,,,,
,,SD,,,MCHP,NXST,,SHLO,GLPI,PHG,HROW,,,TXRH,WOW,,,,,
,,SDRL,,,MCHX,ODP,,SHW,GLRE,PI,HRTG,,,TXT,WPP,,,,,
,,SHLO,,,MDB,OGE,,SID,GMRE,PKG,HRTX,,,UAL,WTRG,,,,,
,,SHLX,,,MDLA,OGS,,SKY,GNL,PKI,HSIC,,,UAN,WW,,,,,
,,SID,,,MDRX,OKE,,SLGN,GNW,PLAB,HUM,,,UNP,XEL,,,,,
,,SILV,,,MEET,OLLI,,SMED,GOOD,PLOW,HZNP,,,UPS,YELP,,,,,
,,SJM,,,MEI,OPRX,,SNA,GPMT,PLSE,IART,,,USAK,YORW,,,,,
,,SJT,,,MFGP,ORA,,SNBR,GRBK,PLUG,ICLR,,,USX,ZAYO,,,,,
,,SLB,,,MG,ORLY,,SRCL,GROW,PNR,ICPT,,,UTX,ZVO,,,,,
,,SLCA,,,MGIC,OSTK,,SSD,GS,PODD,ICUI,,,UVV,,,,,,
,,SM,,,MIME,OSW,,STLD,GSBC,POWI,IDRA,,,VAL,,,,,,
,,SMG,,,MITK,OTTR,,STRL,GSHD,POWL,IDXX,,,VC,,,,,,
,,SMPL,,,MIXT,PAG,,SUM,GTY,PRCP,ILMN,,,VGR,,,,,,
,,SND,,,MKSI,PAM,,SWK,GWB,PRLB,IMGN,,,VLRS,,,,,,
,,SNP,,,MLNX,PAYS,,SXC,H,PWR,IMMU,,,VNE,,,,,,
,,SOI,,,MMYT,PBH,,SXI,HAFC,PXLW,INCY,,,WAB,,,,,,
,,SQM,,,MOBL,PCG,,SXT,HALL,QRVO,INFI,,,WBAI,,,,,,
,,SRLP,,,MODN,PCOM,,SYNL,HASI,QUAD,INGN,,,WBC,,,,,,
,,SSL,,,MOMO,PCYO,,SYX,HBAN,QUIK,INO,,,WEN,,,,,,
,,SSRM,,,MPWR,PDD,,TG,HBNC,RADA,INSM,,,WERN,,,,,,
,,STLD,,,MRCY,PEG,,TGH,HCFT,RBC,INSP,,,WGO,,,,,,
,,SU,,,MRVL,PEGI,,THO,HCI,RELL,INVA,,,WING,,,,,,
,,SUM,,,MSCI,PENN,,TISI,HCKT,RESN,IONS,,,WKHS,,,,,,
,,SUN,,,MSFT,PFGC,,TKR,HDB,REZI,IOVA,,,WNC,,,,,,
,,SWN,,,MSI,PFSW,,TMHC,HFWA,RFIL,IQV,,,WWE,,,,,,
,,SXT,,,MSON,PLNT,,TMST,HHC,RMBS,IRTC,,,XPO,,,,,,
,,SYNL,,,MSTR,PLYA,,TNC,HIG,RMD,IRWD,,,YETI,,,,,,
,,TALO,,,MTCH,PNM,,TOL,HIIQ,RMTI,ISEE,,,YRCW,,,,,,
,,TECK,,,MTD,PNW,,TPC,HIW,ROK,ISRG,,,YUM,,,,,,
,,TELL,,,MTSC,POOL,,TPH,HLI,ROLL,ITCI,,,YUMC,,,,,,
,,TG,,,MTSI,POR,,TPX,HLNE,ROP,ITGR,,,ZEUS,,,,,,
,,THS,,,MU,PPL,,TREX,HLT,RTIX,IVC,,,ZNH,,,,,,
,,TKR,,,MX,PRDO,,TROX,HMN,RXN,JAZZ,,,ZTO,,,,,,
,,TMQ,,,MXIM,PRMW,,TRS,HMST,SCSC,JNCE,,,,,,,,,
,,TMST,,,MXL,PRSC,,TRTN,HOMB,SEDG,JNJ,,,,,,,,,
,,TOT,,,NATI,PRTY,,TS,HOPE,SEE,JYNT,,,,,,,,,
,,TR,,,NCR,PSMT,,TSCO,HPP,SENS,KALA,,,,,,,,,
,,TREC,,,NEWR,PSO,,TSE,HR,SGC,KDMN,,,,,,,,,
,,TROX,,,NH,PYPL,,TTEK,HRTG,SGH,KIDS,,,,,,,,,
,,TRS,,,NICE,QIWI,,TUP,HRZN,SIBN,KIN,,,,,,,,,
,,TS,,,NLOK,QNST,,TWI,HSBC,SIEN,KMPR,,,,,,,,,
,,TSE,,,NOK,QRTEA,,TX,HSII,SILK,KNSL,,,,,,,,,
,,TTI,,,NOVT,RAVE,,UFPI,HST,SIMO,KOD,,,,,,,,,
,,TUSK,,,NOW,RBA,,UL,HT,SITE,KPTI,,,,,,,,,
,,TX,,,NPTN,RCI,,UN,HTA,SLAB,KRTX,,,,,,,,,
,,UAN,,,NTAP,RCII,,UNVR,HTBI,SLGN,KRYS,,,,,,,,,
,,UFS,,,NTCT,RCL,,URI,HTBK,SMED,KURA,,,,,,,,,
,,UNVR,,,NTES,RDI,,USCR,HTGC,SMTC,L,,,,,,,,,
,,UUUU,,,NTGR,RDWR,,VEC,HTH,SNN,LCI,,,,,,,,,
,,VAL,,,NTNX,REAL,,VERU,HTHT,SOL,LCTX,,,,,,,,,
,,VALE,,,NTWK,RECN,,VMC,HTLF,SON,LFC,,,,,,,,,
,,VEDL,,,NUAN,REDU,,VMI,HURN,SPB,LFVN,,,,,,,,,
,,VET,,,NVDA,RGR,,VNTR,HWC,SPNE,LGND,,,,,,,,,
,,VLO,,,NVMI,RH,,VSLR,IBCP,SPWR,LH,,,,,,,,,
,,VMC,,,NVT,RICK,,VSTO,IBKC,SPXC,LHCG,,,,,,,,,
,,VMI,,,NXGN,RILY,,VVV,IBKR,SRDX,LIVN,,,,,,,,,
,,VNOM,,,NXPI,RLH,,WBT,IBN,ST,LJPC,,,,,,,,,
,,VNTR,,,OKTA,ROKU,,WCN,IBOC,STAA,LLY,,,,,,,,,
,,VOC,,,OLED,RRR,,WDFC,IBTX,STE,LMAT,,,,,,,,,
,,VRS,,,OMCL,RUSHA,,WGO,ICE,STM,LMNX,,,,,,,,,
,,VRTV,,,ON,RVLV,,WHG,ICFI,STXS,LNC,,,,,,,,,
,,VTNR,,,OOMA,RYB,,WIRE,ICMB,SWAV,LNTH,,,,,,,,,
,,VVV,,,OPRX,SAH,,WLDN,IFN,SWK,LVGO,,,,,,,,,
,,WHD,,,ORAN,SBGI,,WLK,IIPR,SWKS,LXRX,,,,,,,,,
,,WLK,,,ORBC,SBH,,WLKP,ILPT,SXI,MACK,,,,,,,,,
,,WLKP,,,ORCL,SBS,,WM,IMH,SYK,MASI,,,,,,,,,
,,WLL,,,OSIS,SCHN,,WMS,INDB,SYNA,MBI,,,,,,,,,
,,WOR,,,OSPN,SCOR,,WOR,ING,TCMD,MBIO,,,,,,,,,
,,WPM,,,OTEX,SCPL,,WRTC,INN,TEL,MCK,,,,,,,,,
,,WPX,,,PAGS,SEAS,,WSC,INTL,TER,MCRB,,,,,,,,,
,,WRK,,,PANW,SECO,,WSO,INVH,TEX,MCY,,,,,,,,,
,,WTI,,,PAR,SFIX,,WST,IRET,TFX,MD,,,,,,,,,
,,WTTR,,,PAYC,SFM,,WTS,IRM,THR,MDGL,,,,,,,,,
,,X,,,PBI,SGU,,WY,IRT,TMO,MDRX,,,,,,,,,
,,XEC,,,PCOM,SIG,,X,ISBC,TNC,MDT,,,,,,,,,
,,XOM,,,PCTI,SIRI,,XIN,IT,TNDM,MEDP,,,,,,,,,
,,YPF,,,PCTY,SIX,,XPEL,ITUB,TPIC,MEIP,,,,,,,,,
,,ZEUS,,,PCYG,SJI,,YCBD,IVR,TRMB,MESO,,,,,,,,,
,,,,,PD,SJR,,,IVZ,TRXC,MET,,,,,,,,,
,,,,,PDFS,SJW,,,JBGS,TSEM,MFC,,,,,,,,,
,,,,,PEGA,SMLP,,,JEF,TSM,MGLN,,,,,,,,,
,,,,,PERI,SNA,,,JHG,TTC,MGNX,,,,,,,,,
,,,,,PFPT,SNBR,,,JLL,TTEK,MGTA,,,,,,,,,
,,,,,PHG,SNE,,,JOBS,TURN,MGTX,,,,,,,,,
,,,,,PI,SO,,,JOE,TWI,MKL,,,,,,,,,
,,,,,PINS,SONO,,,JP,TWIN,MLND,,,,,,,,,
,,,,,PKI,SP,,,JPM,TXN,MMC,,,,,,,,,
,,,,,PLAB,SPB,,,KB,UCTT,MMSI,,,,,,,,,
,,,,,PLAN,SPH,,,KEY,UEPS,MNK,,,,,,,,,
,,,,,PLT,SPKE,,,KFY,UFI,MNKD,,,,,,,,,
,,,,,PLUS,SPTN,,,KIM,ULBI,MNOV,,,,,,,,,
,,,,,PLXS,SPWH,,,KKR,UMC,MNTA,,,,,,,,,
,,,,,POWI,SR,,,KMPR,UNF,MOH,,,,,,,,,
,,,,,PRCP,SRE,,,KNSL,VAR,MRK,,,,,,,,,
,,,,,PRFT,SREV,,,KRC,VECO,MRKR,,,,,,,,,
,,,,,PRGS,SSP,,,KRG,VIAV,MRNA,,,,,,,,,
,,,,,PRO,STAY,,,KRNY,VICR,MRNS,,,,,,,,,
,,,,,PRSP,STCN,,,KW,VJET,MRTX,,,,,,,,,
,,,,,PS,STMP,,,L,VOXX,MTEM,,,,,,,,,
,,,,,PSN,STON,,,LADR,VPG,MTG,,,,,,,,,
,,,,,PSTG,STRA,,,LAMR,VRAY,MYGN,,,,,,,,,
,,,,,PTC,SWX,,,LAND,VREX,MYL,,,,,,,,,
,,,,,PXLW,SYY,,,LAZ,VRRM,MYOK,,,,,,,,,
,,,,,PYPL,TA,,,LBAI,VSH,MYOV,,,,,,,,,
,,,,,QADA,TAL,,,LC,VTNR,NBIX,,,,,,,,,
,,,,,QCOM,TCOM,,,LCNB,WAT,NBRV,,,,,,,,,
,,,,,QLYS,TCP,,,LEJU,WATT,NEO,,,,,,,,,
,,,,,QNST,TCS,,,LFC,WBT,NEOG,,,,,,,,,
,,,,,QRVO,TERP,,,LGIH,WCC,NEOS,,,,,,,,,
,,,,,QTT,TGE,,,LKFN,WIRE,NEPT,,,,,,,,,
,,,,,QTWO,TGNA,,,LM,WLDN,NERV,,,,,,,,,
,,,,,QUIK,TGS,,,LMRK,WMGI,NGHC,,,,,,,,,
,,,,,QUOT,TGT,,,LNC,WPRT,NH,,,,,,,,,
,,,,,RAMP,TIF,,,LOB,WRTC,NHC,,,,,,,,,
,,,,,RBBN,TILE,,,LPLA,WWD,NK,,,,,,,,,
,,,,,RDWR,TITN,,,LSI,XENT,NKTR,,,,,,,,,
,,,,,REFR,TNET,,,LTC,XLNX,NLNK,,,,,,,,,
,,,,,RELL,TPCO,,,LVS,XONE,NLTX,,,,,,,,,
,,,,,RENN,TRGP,,,LX,XPER,NMIH,,,,,,,,,
,,,,,RESN,TRHC,,,LXP,XRAY,NSTG,,,,,,,,,
,,,,,RFIL,TRP,,,LYG,XRX,NTGN,,,,,,,,,
,,,,,RMBS,TRWH,,,MAA,XYL,NTLA,,,,,,,,,
,,,,,RNET,TSG,,,MAC,ZBH,NTRA,,,,,,,,,
,,,,,RNG,TSQ,,,MAIN,ZBRA,NTRP,,,,,,,,,
,,,,,RNWK,TTC,,,MANT,ZYXI,NTUS,,,,,,,,,
,,,,,ROG,TTGT,,,MAR,,NUVA,,,,,,,,,
,,,,,ROK,TTWO,,,MARA,,NVAX,,,,,,,,,
,,,,,RP,TV,,,MBI,,NVCR,,,,,,,,,
,,,,,RPD,UFI,,,MBWM,,NVO,,,,,,,,,
,,,,,RST,UGI,,,MC,,NVRO,,,,,,,,,
,,,,,RUBI,UGP,,,MCBC,,NVS,,,,,,,,,
,,,,,SABR,ULTA,,,MCC,,NVTA,,,,,,,,,
,,,,,SAIC,UNFI,,,MCO,,NXGN,,,,,,,,,
,,,,,SAIL,USAC,,,MCRI,,NXTC,,,,,,,,,
,,,,,SANM,USFD,,,MCY,,NYMX,,,,,,,,,
,,,,,SAP,UTI,,,MET,,OBSV,,,,,,,,,
,,,,,SATS,UTL,,,MFA,,OCUL,,,,,,,,,
,,,,,SCPL,UXIN,,,MFC,,OCX,,,,,,,,,
,,,,,SCSC,V,,,MFG,,ODT,,,,,,,,,
,,,,,SCWX,VAC,,,MFIN,,OFIX,,,,,,,,,
,,,,,SEAC,VIAC,,,MGI,,OGI,,,,,,,,,
,,,,,SFUN,VIACA,,,MGM,,OMCL,,,,,,,,,
,,,,,SGH,VIPS,,,MGP,,OMER,,,,,,,,,
,,,,,SGMS,VST,,,MGRC,,OMI,,,,,,,,,
,,,,,SGU,VSTO,,,MITT,,OPCH,,,,,,,,,
,,,,,SHOP,VVI,,,MKL,,OPK,,,,,,,,,
,,,,,SIFY,W,,,MKTX,,ORI,,,,,,,,,
,,,,,SIMO,WBAI,,,MLCO,,ORMP,,,,,,,,,
,,,,,SINA,WEC,,,MMC,,ORTX,,,,,,,,,
,,,,,SKM,WES,,,MMI,,OSUR,,,,,,,,,
,,,,,SLAB,WEX,,,MN,,OTIC,,,,,,,,,
,,,,,SLP,WH,,,MNR,,OXFD,,,,,,,,,
,,,,,SMAR,WHR,,,MPW,,PACB,,,,,,,,,
,,,,,SMSI,WMB,,,MRCC,,PAHC,,,,,,,,,
,,,,,SMTC,WMK,,,MRLN,,PBH,,,,,,,,,
,,,,,SMTX,WMT,,,MS,,PBYI,,,,,,,,,
,,,,,SNAP,WNS,,,MTB,,PCRX,,,,,,,,,
,,,,,SNCR,WOW,,,MTG,,PDCO,,,,,,,,,
,,,,,SNPS,WSC,,,MUFG,,PDLI,,,,,,,,,
,,,,,SNX,WSM,,,MVC,,PEN,,,,,,,,,
,,,,,SOGO,WTRG,,,NAVI,,PETQ,,,,,,,,,
,,,,,SOHU,WU,,,NBHC,,PETS,,,,,,,,,
,,,,,SPLK,WW,,,NBTB,,PFE,,,,,,,,,
,,,,,SPNS,WWE,,,NDAQ,,PFG,,,,,,,,,
,,,,,SPRT,WYND,,,NEWT,,PFNX,,,,,,,,,
,,,,,SPSC,WYNN,,,NFBK,,PGEN,,,,,,,,,
,,,,,SQ,XEL,,,NGHC,,PGNX,,,,,,,,,
,,,,,SREV,YETI,,,NHI,,PGR,,,,,,,,,
,,,,,SRI,YGYI,,,NLY,,PHAS,,,,,,,,,
,,,,,SSNC,YORW,,,NMFC,,PINC,,,,,,,,,
,,,,,SSTK,Z,,,NMIH,,PIRS,,,,,,,,,
,,,,,SSYS,ZAGG,,,NMR,,PLMR,,,,,,,,,
,,,,,ST,ZG,,,NMRK,,PLSE,,,,,,,,,
,,,,,STCN,ZNGA,,,NNI,,PLX,,,,,,,,,
,,,,,STM,,,,NNN,,PODD,,,,,,,,,
,,,,,STNE,,,,NOAH,,PRA,,,,,,,,,
,,,,,STX,,,,NRZ,,PRAH,,,,,,,,,
,,,,,SVMK,,,,NSA,,PRGO,,,,,,,,,
,,,,,SWCH,,,,NTP,,PRI,,,,,,,,,
,,,,,SWI,,,,NTRS,,PRNB,,,,,,,,,
,,,,,SWIR,,,,NWBI,,PRQR,,,,,,,,,
,,,,,SWKS,,,,NXRT,,PRTA,,,,,,,,,
,,,,,SY,,,,NYCB,,PRTK,,,,,,,,,
,,,,,SYKE,,,,NYMT,,PRU,,,,,,,,,
,,,,,SYNA,,,,O,,PRVB,,,,,,,,,
,,,,,SYNC,,,,OCFC,,PSNL,,,,,,,,,
,,,,,TACT,,,,OCN,,PSTI,,,,,,,,,
,,,,,TCX,,,,OCSI,,PTCT,,,,,,,,,
,,,,,TDC,,,,OCSL,,PTE,,,,,,,,,
,,,,,TDS,,,,OFC,,PTI,,,,,,,,,
,,,,,TEAM,,,,OFG,,PTLA,,,,,,,,,
,,,,,TECD,,,,OHI,,PTVCB,,,,,,,,,
,,,,,TEL,,,,OLP,,PUK,,,,,,,,,
,,,,,TENB,,,,ONB,,QDEL,,,,,,,,,
,,,,,TER,,,,ONDK,,QGEN,,,,,,,,,
,,,,,THR,,,,OPB,,QHC,,,,,,,,,
,,,,,TIVO,,,,OPI,,QTNT,,,,,,,,,
,,,,,TKC,,,,OPY,,QURE,,,,,,,,,
,,,,,TLND,,,,ORC,,RAD,,,,,,,,,
,,,,,TLRA,,,,ORI,,RARE,,,,,,,,,
,,,,,TME,,,,OSBC,,RARX,,,,,,,,,
,,,,,TOUR,,,,OUT,,RCKT,,,,,,,,,
,,,,,TRIP,,,,OXSQ,,RCUS,,,,,,,,,
,,,,,TRMB,,,,OZK,,RDHL,,,,,,,,,
,,,,,TRUE,,,,PACW,,RDN,,,,,,,,,
,,,,,TRVG,,,,PB,,RDNT,,,,,,,,,
,,,,,TSEM,,,,PBCT,,RDUS,,,,,,,,,
,,,,,TSG,,,,PCH,,RDY,,,,,,,,,
,,,,,TSM,,,,PCSB,,RE,,,,,,,,,
,,,,,TSU,,,,PDM,,REGN,,,,,,,,,
,,,,,TTD,,,,PEAK,,REPH,,,,,,,,,
,,,,,TTGT,,,,PEB,,RETA,,,,,,,,,
,,,,,TTMI,,,,PEBO,,RFL,,,,,,,,,
,,,,,TTWO,,,,PEI,,RGA,,,,,,,,,
,,,,,TUFN,,,,PENN,,RGEN,,,,,,,,,
,,,,,TWLO,,,,PEO,,RGNX,,,,,,,,,
,,,,,TWOU,,,,PFBC,,RIGL,,,,,,,,,
,,,,,TWTR,,,,PFG,,RIOT,,,,,,,,,
,,,,,TXN,,,,PFLT,,RLI,,,,,,,,,
,,,,,TYL,,,,PFS,,RLMD,,,,,,,,,
,,,,,TZOO,,,,PFSI,,RMD,,,,,,,,,
,,,,,UBER,,,,PGC,,RMTI,,,,,,,,,
,,,,,UCTT,,,,PGR,,RNR,,,,,,,,,
,,,,,UEIC,,,,PGRE,,RTIX,,,,,,,,,
,,,,,UI,,,,PICO,,RTRX,,,,,,,,,
,,,,,UIS,,,,PINC,,RUBY,,,,,,,,,
,,,,,ULBI,,,,PIPR,,RVNC,,,,,,,,,
,,,,,UMC,,,,PJT,,RYTM,,,,,,,,,
,,,,,UPLD,,,,PK,,SAFT,,,,,,,,,
,,,,,UPWK,,,,PLD,,SAGE,,,,,,,,,
,,,,,UTSI,,,,PLMR,,SAVA,,,,,,,,,
,,,,,UXIN,,,,PLYA,,SBBP,,,,,,,,,
,,,,,VCRA,,,,PMT,,SELB,,,,,,,,,
,,,,,VECO,,,,PNC,,SEM,,,,,,,,,
,,,,,VEEV,,,,PNFP,,SENS,,,,,,,,,
,,,,,VERI,,,,PNNT,,SGEN,,,,,,,,,
,,,,,VG,,,,PPBI,,SGMO,,,,,,,,,
,,,,,VHC,,,,PRA,,SGRY,,,,,,,,,
,,,,,VIAV,,,,PRAA,,SIBN,,,,,,,,,
,,,,,VICR,,,,PRI,,SIEN,,,,,,,,,
,,,,,VIPS,,,,PRK,,SIGA,,,,,,,,,
,,,,,VJET,,,,PRU,,SIGI,,,,,,,,,
,,,,,VMW,,,,PSA,,SILK,,,,,,,,,
,,,,,VNET,,,,PSB,,SLDB,,,,,,,,,
,,,,,VOD,,,,PSEC,,SLF,,,,,,,,,
,,,,,VOXX,,,,PTMN,,SMMT,,,,,,,,,
,,,,,VPG,,,,PTVCB,,SNDL,,,,,,,,,
,,,,,VRNS,,,,PUK,,SNDX,,,,,,,,,
,,,,,VRNT,,,,PZN,,SNN,,,,,,,,,
,,,,,VRSK,,,,QCRH,,SNSS,,,,,,,,,
,,,,,VRSN,,,,QD,,SNY,,,,,,,,,
,,,,,VRTU,,,,QTS,,SPNE,,,,,,,,,
,,,,,VSAT,,,,RBCAA,,SPPI,,,,,,,,,
,,,,,VSH,,,,RBS,,SPRO,,,,,,,,,
,,,,,VUZI,,,,RC,,SRDX,,,,,,,,,
,,,,,WAT,,,,RCM,,SRNE,,,,,,,,,
,,,,,WB,,,,RDFN,,SRPT,,,,,,,,,
,,,,,WCC,,,,RDN,,STAA,,,,,,,,,
,,,,,WDAY,,,,RE,,STC,,,,,,,,,
,,,,,WDC,,,,REG,,STE,,,,,,,,,
,,,,,WIFI,,,,RESI,,STFC,,,,,,,,,
,,,,,WIT,,,,REXR,,STML,,,,,,,,,
,,,,,WIX,,,,RF,,STOK,,,,,,,,,
,,,,,WK,,,,RFL,,STXS,,,,,,,,,
,,,,,WTS,,,,RGA,,SUPN,,,,,,,,,
,,,,,WUBA,,,,RHP,,SVRA,,,,,,,,,
,,,,,WWD,,,,RJF,,SWAV,,,,,,,,,
,,,,,XLNX,,,,RLGY,,SY,,,,,,,,,
,,,,,XNET,,,,RLH,,SYBX,,,,,,,,,
,,,,,XRX,,,,RLI,,SYK,,,,,,,,,
,,,,,YELP,,,,RLJ,,SYNH,,,,,,,,,
,,,,,YEXT,,,,RM,,SYRS,,,,,,,,,
,,,,,YNDX,,,,RMAX,,TAK,,,,,,,,,
,,,,,YRD,,,,RNR,,TARO,,,,,,,,,
,,,,,YY,,,,RNST,,TBIO,,,,,,,,,
,,,,,ZAGG,,,,ROIC,,TBPH,,,,,,,,,
,,,,,ZAYO,,,,ROL,,TCDA,,,,,,,,,
,,,,,ZEN,,,,RPAI,,TCMD,,,,,,,,,
,,,,,ZG,,,,RPT,,TCPC,,,,,,,,,
,,,,,ZIXI,,,,RRR,,TCRR,,,,,,,,,
,,,,,ZM,,,,RVSB,,TDOC,,,,,,,,,
,,,,,ZNGA,,,,RWT,,TECH,,,,,,,,,
,,,,,ZS,,,,RY,,TEVA,,,,,,,,,
,,,,,ZUO,,,,RYN,,TFX,,,,,,,,,
,,,,,,,,,SAFE,,TGTX,,,,,,,,,
,,,,,,,,,SAFT,,THC,,,,,,,,,
,,,,,,,,,SAN,,THG,,,,,,,,,
,,,,,,,,,SASR,,TLRY,,,,,,,,,
,,,,,,,,,SBAC,,TMO,,,,,,,,,
,,,,,,,,,SBCF,,TNDM,,,,,,,,,
,,,,,,,,,SBNY,,TOCA,,,,,,,,,
,,,,,,,,,SBRA,,TORC,,,,,,,,,
,,,,,,,,,SBSI,,TPRE,,,,,,,,,
,,,,,,,,,SC,,TPTX,,,,,,,,,
,,,,,,,,,SCHW,,TRHC,,,,,,,,,
,,,,,,,,,SCM,,TRIL,,,,,,,,,
,,,,,,,,,SCU,,TRUP,,,,,,,,,
,,,,,,,,,SE,,TRV,,,,,,,,,
,,,,,,,,,SEIC,,TRXC,,,,,,,,,
,,,,,,,,,SERV,,TVTY,,,,,,,,,
,,,,,,,,,SF,,TWST,,,,,,,,,
,,,,,,,,,SFBS,,TXMD,,,,,,,,,
,,,,,,,,,SFE,,TYME,,,,,,,,,
,,,,,,,,,SFNC,,UBX,,,,,,,,,
,,,,,,,,,SHO,,UFCS,,,,,,,,,
,,,,,,,,,SIEB,,UHS,,,,,,,,,
,,,,,,,,,SIGI,,UIHC,,,,,,,,,
,,,,,,,,,SITC,,UNH,,,,,,,,,
,,,,,,,,,SIVB,,UNM,,,,,,,,,
,,,,,,,,,SKT,,URGN,,,,,,,,,
,,,,,,,,,SLF,,USNA,,,,,,,,,
,,,,,,,,,SLG,,USPH,,,,,,,,,
,,,,,,,,,SLM,,UTHR,,,,,,,,,
,,,,,,,,,SLRC,,UVE,,,,,,,,,
,,,,,,,,,SMFG,,VAR,,,,,,,,,
,,,,,,,,,SNR,,VBIV,,,,,,,,,
,,,,,,,,,SNV,,VBLT,,,,,,,,,
,,,,,,,,,SPG,,VCEL,,,,,,,,,
,,,,,,,,,SRC,,VCYT,,,,,,,,,
,,,,,,,,,SRCE,,VERU,,,,,,,,,
,,,,,,,,,SRG,,VIVO,,,,,,,,,
,,,,,,,,,SSB,,VKTX,,,,,,,,,
,,,,,,,,,SSSS,,VNDA,,,,,,,,,
,,,,,,,,,STAG,,VNRX,,,,,,,,,
,,,,,,,,,STAR,,VOYA,,,,,,,,,
,,,,,,,,,STAY,,VRAY,,,,,,,,,
,,,,,,,,,STBA,,VREX,,,,,,,,,
,,,,,,,,,STC,,VRTX,,,,,,,,,
,,,,,,,,,STFC,,VSTM,,,,,,,,,
,,,,,,,,,STL,,VVUS,,,,,,,,,
,,,,,,,,,STOR,,VYGR,,,,,,,,,
,,,,,,,,,STT,,WBA,,,,,,,,,
,,,,,,,,,STWD,,WLTW,,,,,,,,,
,,,,,,,,,SUI,,WMGI,,,,,,,,,
,,,,,,,,,SUNS,,WRB,,,,,,,,,
,,,,,,,,,SUPV,,WST,,,,,,,,,
,,,,,,,,,SVC,,WVE,,,,,,,,,
,,,,,,,,,SVVC,,XBIT,,,,,,,,,
,,,,,,,,,SYF,,XENE,,,,,,,,,
,,,,,,,,,TBBK,,XENT,,,,,,,,,
,,,,,,,,,TBK,,XERS,,,,,,,,,
,,,,,,,,,TBNK,,XLRN,,,,,,,,,
,,,,,,,,,TCBI,,XNCR,,,,,,,,,
,,,,,,,,,TCBK,,XRAY,,,,,,,,,
,,,,,,,,,TCF,,Y,,,,,,,,,
,,,,,,,,,TCO,,ZBH,,,,,,,,,
,,,,,,,,,TCPC,,ZFGN,,,,,,,,,
,,,,,,,,,TCRD,,ZGNX,,,,,,,,,
,,,,,,,,,TD,,ZIOP,,,,,,,,,
,,,,,,,,,TFC,,ZLAB,,,,,,,,,
,,,,,,,,,TFSL,,ZTS,,,,,,,,,
,,,,,,,,,THFF,,ZYME,,,,,,,,,
,,,,,,,,,THG,,ZYNE,,,,,,,,,
,,,,,,,,,TMP,,ZYXI,,,,,,,,,
,,,,,,,,,TOWN,,,,,,,,,,,
,,,,,,,,,TPRE,,,,,,,,,,,
,,,,,,,,,TPVG,,,,,,,,,,,
,,,,,,,,,TRC,,,,,,,,,,,
,,,,,,,,,TREE,,,,,,,,,,,
,,,,,,,,,TRMK,,,,,,,,,,,
,,,,,,,,,TRNO,,,,,,,,,,,
,,,,,,,,,TROW,,,,,,,,,,,
,,,,,,,,,TRST,,,,,,,,,,,
,,,,,,,,,TRTX,,,,,,,,,,,
,,,,,,,,,TRUP,,,,,,,,,,,
,,,,,,,,,TRV,,,,,,,,,,,
,,,,,,,,,TRWH,,,,,,,,,,,
,,,,,,,,,TSLX,,,,,,,,,,,
,,,,,,,,,TURN,,,,,,,,,,,
,,,,,,,,,TW,,,,,,,,,,,
,,,,,,,,,TWO,,,,,,,,,,,
,,,,,,,,,UBA,,,,,,,,,,,
,,,,,,,,,UBS,,,,,,,,,,,
,,,,,,,,,UBSI,,,,,,,,,,,
,,,,,,,,,UCBI,,,,,,,,,,,
,,,,,,,,,UDR,,,,,,,,,,,
,,,,,,,,,UE,,,,,,,,,,,
,,,,,,,,,UEPS,,,,,,,,,,,
,,,,,,,,,UFCS,,,,,,,,,,,
,,,,,,,,,UHT,,,,,,,,,,,
,,,,,,,,,UIHC,,,,,,,,,,,
,,,,,,,,,UMBF,,,,,,,,,,,
,,,,,,,,,UMH,,,,,,,,,,,
,,,,,,,,,UMPQ,,,,,,,,,,,
,,,,,,,,,UNIT,,,,,,,,,,,
,,,,,,,,,UNM,,,,,,,,,,,
,,,,,,,,,USB,,,,,,,,,,,
,,,,,,,,,UVE,,,,,,,,,,,
,,,,,,,,,UVSP,,,,,,,,,,,
,,,,,,,,,VAC,,,,,,,,,,,
,,,,,,,,,VBTX,,,,,,,,,,,
,,,,,,,,,VER,,,,,,,,,,,
,,,,,,,,,VICI,,,,,,,,,,,
,,,,,,,,,VIRT,,,,,,,,,,,
,,,,,,,,,VLY,,,,,,,,,,,
,,,,,,,,,VNO,,,,,,,,,,,
,,,,,,,,,VOYA,,,,,,,,,,,
,,,,,,,,,VTR,,,,,,,,,,,
,,,,,,,,,WABC,,,,,,,,,,,
,,,,,,,,,WAFD,,,,,,,,,,,
,,,,,,,,,WAL,,,,,,,,,,,
,,,,,,,,,WASH,,,,,,,,,,,
,,,,,,,,,WBS,,,,,,,,,,,
,,,,,,,,,WD,,,,,,,,,,,
,,,,,,,,,WDR,,,,,,,,,,,
,,,,,,,,,WELL,,,,,,,,,,,
,,,,,,,,,WETF,,,,,,,,,,,
,,,,,,,,,WFC,,,,,,,,,,,
,,,,,,,,,WH,,,,,,,,,,,
,,,,,,,,,WHG,,,,,,,,,,,
,,,,,,,,,WLTW,,,,,,,,,,,
,,,,,,,,,WMC,,,,,,,,,,,
,,,,,,,,,WNEB,,,,,,,,,,,
,,,,,,,,,WPC,,,,,,,,,,,
,,,,,,,,,WPG,,,,,,,,,,,
,,,,,,,,,WRB,,,,,,,,,,,
,,,,,,,,,WRE,,,,,,,,,,,
,,,,,,,,,WRI,,,,,,,,,,,
,,,,,,,,,WRLD,,,,,,,,,,,
,,,,,,,,,WSBC,,,,,,,,,,,
,,,,,,,,,WSBF,,,,,,,,,,,
,,,,,,,,,WSFS,,,,,,,,,,,
,,,,,,,,,WSR,,,,,,,,,,,
,,,,,,,,,WTBA,,,,,,,,,,,
,,,,,,,,,WTFC,,,,,,,,,,,
,,,,,,,,,WY,,,,,,,,,,,
,,,,,,,,,WYND,,,,,,,,,,,
,,,,,,,,,WYNN,,,,,,,,,,,
,,,,,,,,,XAN,,,,,,,,,,,
,,,,,,,,,XHR,,,,,,,,,,,
,,,,,,,,,XIN,,,,,,,,,,,
,,,,,,,,,XRF,,,,,,,,,,,
,,,,,,,,,Y,,,,,,,,,,,
,,,,,,,,,YRD,,,,,,,,,,,
,,,,,,,,,Z,,,,,,,,,,,
,,,,,,,,,ZION,,,,,,,,,,,
